{"cameraMode":{"drawMode":0,"name":"Shaded","section":"Shading Mode"},"sceneLighting":false,"audioPlay":false,"sceneViewState":{"m_AlwaysRefresh":false,"showFog":true,"showSkybox":false,"showFlares":true,"showImageEffects":true,"showParticleSystems":true,"showVisualEffectGraphs":true,"m_FxEnabled":true},"in2DMode":false,"pivot":{"x":-0.2782000005245209,"y":0.05700000002980232,"z":0.12399999797344208},"rotation":{"x":-0.1906694918870926,"y":-0.6520945429801941,"z":0.17444784939289094,"w":-0.7127293348312378},"size":0.03495379164814949,"orthographic":false}